res1,prot1,res2,prot2
115,chain_A,47,chain_B
184,chain_A,16,chain_B
184,chain_A,47,chain_B
184,chain_A,51,chain_B
184,chain_A,125,chain_B
184,chain_A,126,chain_B
184,chain_A,135,chain_B
184,chain_A,150,chain_B
184,chain_A,158,chain_B
214,chain_A,16,chain_B
214,chain_A,47,chain_B
214,chain_A,51,chain_B
214,chain_A,99,chain_B
214,chain_A,125,chain_B
214,chain_A,126,chain_B
214,chain_A,135,chain_B
214,chain_A,150,chain_B
214,chain_A,158,chain_B
433,chain_A,47,chain_B
433,chain_A,126,chain_B
446,chain_A,16,chain_B
446,chain_A,63,chain_B
446,chain_A,99,chain_B
446,chain_A,125,chain_B
446,chain_A,126,chain_B
545,chain_A,99,chain_B
545,chain_A,125,chain_B
545,chain_A,126,chain_B
545,chain_A,135,chain_B
545,chain_A,158,chain_B
764,chain_A,60,chain_B
764,chain_A,63,chain_B
764,chain_A,99,chain_B
764,chain_A,125,chain_B
764,chain_A,126,chain_B
764,chain_A,135,chain_B
